{
  "train_auc": 0.9882729559681245,
  "train_pr_auc": 0.9848567165734896,
  "train_f1": 0.9287367863219257,
  "train_precision": 0.9331352987333259,
  "train_recall": 0.924379545833102,
  "train_fraud_rate": 0.39999555831926803,
  "val_auc": 0.9903721857635137,
  "val_pr_auc": 0.9907799066751408,
  "val_f1": 0.9455619117918436,
  "val_precision": 0.9429517850570482,
  "val_recall": 0.9481865284974094,
  "val_fraud_rate": 0.48009950248756217,
  "test_auc": 0.9897069058069407,
  "test_pr_auc": 0.990517546675264,
  "test_f1": 0.9440318782829198,
  "test_precision": 0.9404547094911584,
  "test_recall": 0.9476363636363636,
  "test_fraud_rate": 0.48854148161307515
}